CREATE DATABASE  IF NOT EXISTS `TP1DB` /*!40100 DEFAULT CHARACTER SET utf8 */;
USE `TP1DB`;
-- MySQL dump 10.13  Distrib 5.6.17, for Win64 (x86_64)
--
-- Host: localhost    Database: tp1db
-- ------------------------------------------------------
-- Server version	5.5.23

/*!40101 SET @OLD_CHARACTER_SET_CLIENT=@@CHARACTER_SET_CLIENT */;
/*!40101 SET @OLD_CHARACTER_SET_RESULTS=@@CHARACTER_SET_RESULTS */;
/*!40101 SET @OLD_COLLATION_CONNECTION=@@COLLATION_CONNECTION */;
/*!40101 SET NAMES utf8 */;
/*!40103 SET @OLD_TIME_ZONE=@@TIME_ZONE */;
/*!40103 SET TIME_ZONE='+00:00' */;
/*!40014 SET @OLD_UNIQUE_CHECKS=@@UNIQUE_CHECKS, UNIQUE_CHECKS=0 */;
/*!40014 SET @OLD_FOREIGN_KEY_CHECKS=@@FOREIGN_KEY_CHECKS, FOREIGN_KEY_CHECKS=0 */;
/*!40101 SET @OLD_SQL_MODE=@@SQL_MODE, SQL_MODE='NO_AUTO_VALUE_ON_ZERO' */;
/*!40111 SET @OLD_SQL_NOTES=@@SQL_NOTES, SQL_NOTES=0 */;

--
-- Table structure for table `categoria`
--

DROP TABLE IF EXISTS `categoria`;
/*!40101 SET @saved_cs_client     = @@character_set_client */;
/*!40101 SET character_set_client = utf8 */;
CREATE TABLE `categoria` (
  `id` int(11) NOT NULL AUTO_INCREMENT,
  `descricao` varchar(100) NOT NULL,
  PRIMARY KEY (`id`)
) ENGINE=InnoDB AUTO_INCREMENT=15 DEFAULT CHARSET=utf8;
/*!40101 SET character_set_client = @saved_cs_client */;

--
-- Dumping data for table `categoria`
--

LOCK TABLES `categoria` WRITE;
/*!40000 ALTER TABLE `categoria` DISABLE KEYS */;
INSERT INTO `categoria` VALUES (2,'assalto'),(12,'roubo'),(13,'matou'),(14,'furto');
/*!40000 ALTER TABLE `categoria` ENABLE KEYS */;
UNLOCK TABLES;

--
-- Table structure for table `localizacao`
--

DROP TABLE IF EXISTS `localizacao`;
/*!40101 SET @saved_cs_client     = @@character_set_client */;
/*!40101 SET character_set_client = utf8 */;
CREATE TABLE `localizacao` (
  `id` int(11) NOT NULL AUTO_INCREMENT,
  `descricao` varchar(100) NOT NULL,
  `palavras_chaves` varchar(200) DEFAULT NULL,
  `longitude` varchar(45) DEFAULT NULL,
  `latitude` varchar(45) DEFAULT NULL,
  PRIMARY KEY (`id`)
) ENGINE=InnoDB AUTO_INCREMENT=7 DEFAULT CHARSET=utf8;
/*!40101 SET character_set_client = @saved_cs_client */;

--
-- Dumping data for table `localizacao`
--

LOCK TABLES `localizacao` WRITE;
/*!40000 ALTER TABLE `localizacao` DISABLE KEYS */;
INSERT INTO `localizacao` VALUES (1,'Belo Horizonte','BH,Belo Horizonte,Belo Horizonte-MG,Belo Horizonte Minas Gerais',NULL,NULL),(2,'Contagem','Contagem,Contagem-MG,Contagem Minas Gerais',NULL,NULL),(3,'Santa Luzia','Santa Luzia,Santa Luzia-MG,Santa Luzia Minas Gerais',NULL,NULL),(4,'Betim','Betim,Betim-MG,Betim Minas Gerais',NULL,NULL);
/*!40000 ALTER TABLE `localizacao` ENABLE KEYS */;
UNLOCK TABLES;

--
-- Table structure for table `pessoa`
--

DROP TABLE IF EXISTS `pessoa`;
/*!40101 SET @saved_cs_client     = @@character_set_client */;
/*!40101 SET character_set_client = utf8 */;
CREATE TABLE `pessoa` (
  `IdPessoa` int(11) NOT NULL AUTO_INCREMENT,
  `Nome` varchar(45) DEFAULT NULL,
  `Nascimento` varchar(45) DEFAULT NULL,
  `Foto` longblob,
  `Email` varchar(45) DEFAULT NULL,
  `Senha` varchar(45) DEFAULT NULL,
  PRIMARY KEY (`IdPessoa`)
) ENGINE=InnoDB AUTO_INCREMENT=3 DEFAULT CHARSET=utf8;
/*!40101 SET character_set_client = @saved_cs_client */;

--
-- Dumping data for table `pessoa`
--

LOCK TABLES `pessoa` WRITE;
/*!40000 ALTER TABLE `pessoa` DISABLE KEYS */;
INSERT INTO `pessoa` VALUES (2,'Rodolfo','20/12/1990','','rodolfofrancisco1990@gmail.com','123');
/*!40000 ALTER TABLE `pessoa` ENABLE KEYS */;
UNLOCK TABLES;

--
-- Table structure for table `tweet`
--

DROP TABLE IF EXISTS `tweet`;
/*!40101 SET @saved_cs_client     = @@character_set_client */;
/*!40101 SET character_set_client = utf8 */;
CREATE TABLE `tweet` (
  `id` int(11) NOT NULL AUTO_INCREMENT,
  `usuario` bigint(50) NOT NULL,
  `data_postagem` datetime NOT NULL,
  `tweet` varchar(200) NOT NULL,
  `tweet_id` bigint(50) NOT NULL,
  `categoria_id` int(11) NOT NULL,
  `localizacao_id` int(11) NOT NULL,
  PRIMARY KEY (`id`),
  UNIQUE KEY `tweet_id_UNIQUE` (`tweet_id`),
  KEY `categoria_id_idx` (`categoria_id`),
  KEY `localizacao_id_idx` (`localizacao_id`),
  CONSTRAINT `categoria_id` FOREIGN KEY (`categoria_id`) REFERENCES `categoria` (`id`) ON DELETE NO ACTION ON UPDATE NO ACTION,
  CONSTRAINT `localizacao_id` FOREIGN KEY (`localizacao_id`) REFERENCES `localizacao` (`id`) ON DELETE NO ACTION ON UPDATE NO ACTION
) ENGINE=InnoDB AUTO_INCREMENT=212 DEFAULT CHARSET=utf8;
/*!40101 SET character_set_client = @saved_cs_client */;

--
-- Dumping data for table `tweet`
--

LOCK TABLES `tweet` WRITE;
/*!40000 ALTER TABLE `tweet` DISABLE KEYS */;
INSERT INTO `tweet` VALUES (1,2606892864,'2015-06-17 18:20:19','@LuizaaMelloo Eu fui chega na Mulher aqui ela era linda demais em Belo Horizonte ai ela pensou que era assalto kk é correu kkk',611282246906048512,2,1),(2,268439532,'2015-06-17 17:53:48','Comerciante é esfaqueado durante assalto em Fernandópolis: Comerciante ainda conseguiu chegar em casa e pedir ... http://t.co/cqE0ajaOwG',611275573491425280,2,1),(3,268440938,'2015-06-17 16:30:16','Comerciante é esfaqueado durante assalto em Fernandópolis: Comerciante ainda conseguiu chegar em casa e pedir ... http://t.co/nxmzzZm5zO',611254550821908480,2,1),(4,268437439,'2015-06-17 16:29:50','Comerciante é esfaqueado durante assalto em Fernandópolis: Comerciante ainda conseguiu chegar em casa e pedir ... http://t.co/9hFPE5EFCR',611254442675953664,2,1),(5,18222154,'2015-06-17 07:41:48','@Transito98FM atenção fui vítima de assalto ontem na ant Carlos às 17:30. Marginais aproveitam o trânsito agarrado na altura do hospital BH.',611121560095694848,2,1),(6,268439532,'2015-06-16 18:11:11','Homem é tomado como refém durante assalto e carro capota em perseguição: Dupla assaltou os Correios do bairro ... http://t.co/MIFdPIFt2h',610917559265722368,2,1),(7,268440938,'2015-06-16 18:08:36','Homem é tomado como refém durante assalto e carro capota em perseguição: Dupla assaltou os Correios do bairro ... http://t.co/iaW7EZ17Ku',610916909211455488,2,1),(8,268439532,'2015-06-16 18:08:22','Homem é tomado como refém durante assalto e carro capota em perseguição: Dupla assaltou os Correios do bairro ... http://t.co/X0e7cmk86u',610916852529639424,2,1),(9,268437439,'2015-06-16 18:08:19','Homem é tomado como refém durante assalto e carro capota em perseguição: Dupla assaltou os Correios do bairro ... http://t.co/JTO3TMPUoX',610916837694386176,2,1),(10,268437439,'2015-06-16 18:08:16','Homem é tomado como refém durante assalto e carro capota em perseguição: Dupla assaltou os Correios do bairro ... http://t.co/puxEMFqU2C',610916828122976256,2,1),(11,387935144,'2015-06-16 13:07:46','A criminalidade em Belo Horizonte aumentou nos últimos anos cerca de 54%. Um assalto a cada 15 minutos. Socorro Brasil!',610841204083806208,2,1),(12,3050104016,'2015-06-15 20:10:07','Aqui em bh ta pior que em sp nos assalto',610585105539690497,2,1),(13,2436048582,'2015-06-15 18:31:53','Adicionei um vídeo a uma playlist @YouTube http://t.co/ZvRq3yzoT5ídeo mostra assalto em estação do Move de BH',610560382160240640,2,1),(14,64404641,'2015-06-15 12:25:08','Você mora em Belo Horizonte e acha que está seguro? Aqui temos um assalto à cada 15 minutos. Pois não há lugar... http://t.co/03nlpI0RBC',610468088367202304,2,1),(15,40591763,'2015-06-15 11:31:24','Motociclista é baleado durante tentativa de assalto na Grande BH http://t.co/HhSMVSfk05 #R7 #MG',610454565822025728,2,1),(16,2734833493,'2015-06-15 07:54:26','#OperacaoBetaLab Motociclista é baleado durante tentativa de assalto na Grande BH: \nUm motocicl... http://t.co/CoKrdmYeXL #SDV #TIMBETA',610399962694746112,2,1),(17,69101335,'2015-06-15 07:54:24','#OperacaoBetaLab Motociclista é baleado durante tentativa de assalto na Grande BH: \nUm motocicl... http://t.co/zH0gcCX1ES #SDV #TIMBETA',610399955916754944,2,1),(18,206964235,'2015-06-15 07:54:23','#OperacaoBetaLab Motociclista é baleado durante tentativa de assalto na Grande BH: \nUm motocicl... http://t.co/eWa6qQNIBV #SDV #TIMBETA',610399949059047424,2,1),(19,1496212820,'2015-06-15 07:54:21','#OperacaoBetaLab Motociclista é baleado durante tentativa de assalto na Grande BH: \nUm motocicl... http://t.co/ZMx12QzyCo #SDV #TIMBETA',610399942549450752,2,1),(20,1382950771,'2015-06-15 07:54:18','Motociclista é baleado durante tentativa de assalto na Grande BH: \nUm motociclista foi baleado na tarde do úl... http://t.co/y8ZeYEIjVM',610399928540528640,2,1),(21,3044024735,'2015-06-15 07:19:48','Motociclista é baleado durante tentativa de assalto na Grande BH: \nUm motociclista foi baleado na tarde do úl... http://t.co/I4n4KI18Dv',610391248776531968,2,1),(22,753867601,'2015-06-15 07:19:47','#Noticia de Minas Motociclista é baleado durante tentativa de assalto na Grande BH: \nUm mot... http://t.co/VbrXVuiKDM #Noticia de Minas',610391242560507904,2,1),(23,72171579,'2015-06-15 07:19:46','Motociclista é baleado durante tentativa de assalto na Grande BH: \nUm motociclista foi baleado na tarde do úl... http://t.co/TSk3dfy5Ai',610391237678379008,2,1),(24,2720697997,'2015-06-15 07:19:44','Motociclista é baleado durante tentativa de assalto na Grande BH: \nUm motociclista foi baleado na tarde do úl... http://t.co/9CNYRn9av7',610391231722471424,2,1),(25,2666619462,'2015-06-15 07:19:42','Motociclista é baleado durante tentativa de assalto na Grande BH: \nUm motociclista foi baleado na tarde do úl... http://t.co/JkXc3yRIFp',610391221056356352,2,1),(26,2544230172,'2015-06-15 07:19:41','Motociclista é baleado durante tentativa de assalto na Grande BH: \nUm motociclista foi baleado na tarde do úl... http://t.co/vAHuK8oqDI',610391216039931904,2,1),(27,1660719116,'2015-06-15 07:19:38','Motociclista é baleado durante tentativa de assalto na Grande BH: \nUm motociclista foi baleado na tarde do úl... http://t.co/vyVx2MKefZ',610391203670982656,2,1),(28,2419728392,'2015-06-15 06:45:04','Motociclista é baleado durante tentativa de assalto na Grande BH - Notícias -  Minas Gerais http://t.co/74ahdr99Ns',610382507180167169,2,1),(29,2372932772,'2015-06-14 19:49:42','Suspeito foi detido, juntamente com comparsa, após assalto a posto de gasolina em BH: \n\nhttp://noticias.r7.c... http://t.co/6Oc3Xl58kj',610217578846269440,2,1),(30,2278986547,'2015-06-14 19:49:41','Suspeito foi detido, juntamente com comparsa, após assalto a posto de gasolina em BH: \n\nhttp://noticias.r7.c... http://t.co/lkXeBuODiw',610217573506879489,2,1),(31,232551434,'2015-06-14 19:32:04','Suspeito foi detido, juntamente com comparsa, após assalto a posto de gasolina em BH http://t.co/Mq3phGmZ3N',610213140601548801,2,1),(32,2351023873,'2015-06-13 23:44:14','ASSALTO À MÃO ARMADA LEVARAM STILO SPORTING FLEX VERMELHA HLZ-0700 EM BH/MG.\n\nROUBADO DIA 12/06/2015\n\nMODELO... http://t.co/tLVNLZaU0u',609914211901284352,2,1),(33,268437439,'2015-06-12 17:16:17','Suspeito de chefiar assalto a banco em Esperantinópolis é preso: Higgo Pereira da Silva foi preso nesta sexta ... http://t.co/4tkFRmUtkG',609454194647379970,2,1),(34,102074478,'2015-06-12 12:02:24','BH virou rio de janeiro, nunca vi tanto perigo/assalto',609375201512525824,2,1),(35,572142091,'2015-06-11 22:41:14','Quee isso, bh ta o crime, to de cara com esse tanto de assalto',609173583953293312,2,1),(36,42251849,'2015-06-11 22:21:00','Veículo é tomado de assalto em posto de gasolina na noite desta quinta(11) em BH... http://t.co/YWBQaJvuGb',609168488901574656,2,1),(37,268440938,'2015-06-10 23:05:13','Albergado suspeito de assalto junto com adolescente é preso em Roraima: Prisão ocorreu nesta quarta-feira (10)... http://t.co/Fk0yettx5w',608817230575378433,2,1),(38,268440938,'2015-06-10 23:02:45','Albergado suspeito de assalto junto com adolescente é preso em Roraima: Prisão ocorreu nesta quarta-feira (10)... http://t.co/H2hQq9XMea',608816607402430465,2,1),(39,268437439,'2015-06-10 23:02:20','Albergado suspeito de assalto junto com adolescente é preso em Roraima: Prisão ocorreu nesta quarta-feira (10)... http://t.co/9IoPYdVLbe',608816505401139200,2,1),(40,268440938,'2015-06-10 23:02:15','Albergado suspeito de assalto junto com adolescente é preso em Roraima: Prisão ocorreu nesta quarta-feira (10)... http://t.co/Z1CyQYfxVz',608816484626800641,2,1),(41,268439532,'2015-06-10 23:02:09','Albergado suspeito de assalto junto com adolescente é preso em Roraima: Prisão ocorreu nesta quarta-feira (10)... http://t.co/jW0vO1Ksue',608816459242831872,2,1),(42,268437439,'2015-06-10 23:01:56','Albergado suspeito de assalto junto com adolescente é preso em Roraima: Prisão ocorreu nesta quarta-feira (10)... http://t.co/b6D1dOoZNq',608816404909785088,2,1),(43,268440938,'2015-06-10 23:01:49','Albergado suspeito de assalto junto com adolescente é preso em Roraima: Prisão ocorreu nesta quarta-feira (10)... http://t.co/89bIAD7Yho',608816375277080576,2,1),(44,268439532,'2015-06-10 23:01:37','Albergado suspeito de assalto junto com adolescente é preso em Roraima: Prisão ocorreu nesta quarta-feira (10)... http://t.co/SWzPi0ETzR',608816323099951104,2,1),(45,268437439,'2015-06-10 23:01:24','Albergado suspeito de assalto junto com adolescente é preso em Roraima: Prisão ocorreu nesta quarta-feira (10)... http://t.co/oaq0Ziq5re',608816268347465728,2,1),(46,268437439,'2015-06-10 23:01:14','Albergado suspeito de assalto junto com adolescente é preso em Roraima: Prisão ocorreu nesta quarta-feira (10)... http://t.co/RbP0cQDkwa',608816226937143297,2,1),(47,40591763,'2015-06-10 12:16:00','Casal é feito refém durante assalto a salão de beleza na Grande BH http://t.co/eIzmeNjkUS #R7 #MG',608653850124369921,2,1),(48,312282739,'2015-06-10 11:25:41','Casal é feito refém durante assalto a salão de beleza na Grande BH http://t.co/hw5H86d1Hx',608641186769825792,2,1),(49,3044024735,'2015-06-10 07:21:49','Casal é feito refém durante assalto a salão de beleza na Grande BH: \nUm casal de empresários foi rendido na n... http://t.co/ZZ6lEzKldT',608579815004700673,2,1),(50,753867601,'2015-06-10 07:21:49','#Noticia de Minas Casal é feito refém durante assalto a salão de beleza na Grande BH: \nUm c... http://t.co/4UxOtXr2gF #Noticia de Minas',608579813574516736,2,1),(51,72171579,'2015-06-10 07:21:48','Casal é feito refém durante assalto a salão de beleza na Grande BH: \nUm casal de empresários foi rendido na n... http://t.co/7qSDClYYS9',608579811166978048,2,1),(52,1640398813,'2015-06-10 07:21:47','Casal é feito refém durante assalto a salão de beleza na Grande BH: \nUm casal de empresários foi rendido na n...  http://t.co/34uogV6F0h',608579808939761665,2,1),(53,2720697997,'2015-06-10 07:21:47','Casal é feito refém durante assalto a salão de beleza na Grande BH: \nUm casal de empresários foi rendido na n... http://t.co/zMvQ8XKoVK',608579808302252033,2,1),(54,2666619462,'2015-06-10 07:21:47','Casal é feito refém durante assalto a salão de beleza na Grande BH: \nUm casal de empresários foi rendido na n... http://t.co/ROUmGQqnJB',608579806704197632,2,1),(55,2544230172,'2015-06-10 07:21:46','Casal é feito refém durante assalto a salão de beleza na Grande BH: \nUm casal de empresários foi rendido na n... http://t.co/7rXT0vFBQw',608579803986288641,2,1),(56,2734833493,'2015-06-10 07:21:46','#OperacaoBetaLab Casal é feito refém durante assalto a salão de beleza na Grande BH: \nUm casal ... http://t.co/37BlYWHevd #SDV #TIMBETA',608579803164188673,2,1),(57,69101335,'2015-06-10 07:21:45','#OperacaoBetaLab Casal é feito refém durante assalto a salão de beleza na Grande BH: \nUm casal ... http://t.co/2OZM66ilXt #SDV #TIMBETA',608579799007625216,2,1),(58,206964235,'2015-06-10 07:21:44','#OperacaoBetaLab Casal é feito refém durante assalto a salão de beleza na Grande BH: \nUm casal ... http://t.co/BXy8yVGvhm #SDV #TIMBETA',608579795157291008,2,1),(59,1496212820,'2015-06-10 07:21:43','#OperacaoBetaLab Casal é feito refém durante assalto a salão de beleza na Grande BH: \nUm casal ... http://t.co/cH0NqwCuaj #SDV #TIMBETA',608579791680208896,2,1),(60,2522662897,'2015-06-10 07:21:42','Casal é feito refém durante assalto a salão de beleza na Grande BH: \nUm casal de empresários foi rendido na n... http://t.co/CYG0gwc9IM',608579784667320320,2,1),(61,2351023873,'2015-06-10 07:21:41','Casal é feito refém durante assalto a salão de beleza na Grande BH: \nUm casal de empresários foi rendido na n... http://t.co/jnjGojRvg0',608579782712791040,2,1),(62,2358639270,'2015-06-10 07:21:41','Casal é feito refém durante assalto a salão de beleza na Grande BH: \nUm casal de empresários foi rendido na n... http://t.co/RvKjIuf8OO',608579779768426496,2,1),(63,1660719116,'2015-06-10 07:21:40','Casal é feito refém durante assalto a salão de beleza na Grande BH: \nUm casal de empresários foi rendido na n... http://t.co/Sqe1ucZiBg',608579777352458240,2,1),(64,1382950771,'2015-06-10 07:21:40','Casal é feito refém durante assalto a salão de beleza na Grande BH: \nUm casal de empresários foi rendido na n... http://t.co/kZXWz6CLbl',608579776228360192,2,1),(65,365195589,'2015-06-10 07:21:38','Casal é feito refém durante assalto a salão de beleza na Grande BH: \nUm casal de empresários foi rendido na n... http://t.co/QPxsFsCsgd',608579771182686208,2,1),(66,2419728392,'2015-06-10 07:20:08','Casal é feito refém durante assalto a salão de beleza na Grande BH - Notícias -  Minas Gerais http://t.co/gHYtlBLtlx',608579389622726656,2,1),(67,38498888,'2015-06-17 18:21:12','Homem é assaltado dentro da Ceasa e perde R$ 55 mil em dinheiro\nhttp://t.co/vCKtp1ovbs\n#Contagem #Ceasa #Assalto #Horizontes #Segurança',611282471175495681,2,2),(68,2952953817,'2015-06-12 09:36:31','Homem é baleado durante tentativa de assalto na estrada Santa Luzia, zona rural de Paranavaí http://t.co/uzXTy32ogA',609338490216673280,2,3),(69,185389530,'2015-06-12 09:25:45','Hilux Tomada de #Assalto em Santa Luzia do Paruá Na Residencia do dono do Cimentão é Recuperada no #Município de... http://t.co/ZSLoIuT89o',609335778452328448,2,3),(70,185389530,'2015-06-12 09:14:15','Hilux Tomada de #Assalto em Santa Luzia do Paruá Na Residencia do dono do Cimentão é Recuperada no #Município de... http://t.co/QDQJppEKHn',609332886278414336,2,3),(71,137549142,'2015-06-11 20:32:56','Assalto a um mercadinho foi registrado hoje na cidade de Santa Luzia-PB: Por volta das 14h00 de hoje, dia 11 d... http://t.co/EOmPeuRVuA',609141295773147136,2,3),(72,137549142,'2015-06-11 20:23:37','Assalto a um mercadinho foi registrado hoje na cidade de Santa Luzia-PB - JEFTE NEWS http://t.co/6x9i6LwPVp',609138947717926913,2,3),(73,3302721375,'2015-06-19 11:51:21','@Lateral_derocha para kkkk Betim ce respira e já anunciam um assalto',611909135706259456,2,4),(74,40591763,'2015-06-19 11:45:54','Cliente de bar reage a tentativa assalto e é morto na Grande BH http://t.co/CvjBbgumnC  #R7 #MG http://t.co/BQEar8w8QH',611907765561348096,2,1),(75,225498006,'2015-06-19 10:12:08','Cliente de bar reage a tentativa assalto e é morto na Grande BH: \n\n    Vítima foi ... http://t.co/15wTRyLISp',611884169686335488,2,1),(76,3044024735,'2015-06-19 08:40:06','Cliente de bar reage a tentativa assalto e é morto na Grande BH: \n\n    Vítima foi ... http://t.co/7ycN6BSGBN',611861006994649088,2,1),(77,753867601,'2015-06-19 08:40:06','#Noticia de Minas Cliente de bar reage a tentativa assalto e é morto na Grande BH: \n\n  ... http://t.co/rmoy3mtip8 #Noticia de Minas',611861005220458496,2,1),(78,72171579,'2015-06-19 08:40:05','Cliente de bar reage a tentativa assalto e é morto na Grande BH: \n\n    Vítima foi ... http://t.co/9nAV1QXh9o',611861003672752128,2,1),(79,1640398813,'2015-06-19 08:40:05','Cliente de bar reage a tentativa assalto e é morto na Grande BH: \n\n    Vítima foi ...  http://t.co/34uogV6F0h',611861002074783744,2,1),(80,2720697997,'2015-06-19 08:40:05','Cliente de bar reage a tentativa assalto e é morto na Grande BH: \n\n    Vítima foi ... http://t.co/dh0ALKvyjl',611861001781129220,2,1),(81,2734833493,'2015-06-19 08:40:04','#OperacaoBetaLab Cliente de bar reage a tentativa assalto e é morto na Grande BH: \n\n  ... http://t.co/aBRXg8mK3b #SDV #TIMBETA',611861000254394368,2,1),(82,2666619462,'2015-06-19 08:40:04','Cliente de bar reage a tentativa assalto e é morto na Grande BH: \n\n    Vítima foi ... http://t.co/SUZfkMJ8fD',611860999977578496,2,1),(83,2544230172,'2015-06-19 08:40:04','Cliente de bar reage a tentativa assalto e é morto na Grande BH: \n\n    Vítima foi ... http://t.co/e325XxHSwF',611860998228590592,2,1),(84,69101335,'2015-06-19 08:40:03','#OperacaoBetaLab Cliente de bar reage a tentativa assalto e é morto na Grande BH: \n\n  ... http://t.co/kbwWgA8vZW #SDV #TIMBETA',611860992188747776,2,1),(85,206964235,'2015-06-19 08:40:00','#OperacaoBetaLab Cliente de bar reage a tentativa assalto e é morto na Grande BH: \n\n  ... http://t.co/vCXUuuNeXL #SDV #TIMBETA',611860981740781569,2,1),(86,1496212820,'2015-06-19 08:39:58','#OperacaoBetaLab Cliente de bar reage a tentativa assalto e é morto na Grande BH: \n\n  ... http://t.co/wbRPt7HVLp #SDV #TIMBETA',611860972060307456,2,1),(87,2522662897,'2015-06-19 08:39:54','Cliente de bar reage a tentativa assalto e é morto na Grande BH: \n\n    Vítima foi ... http://t.co/nqI8eKkqxO',611860957623508992,2,1),(88,2351023873,'2015-06-19 08:39:54','Cliente de bar reage a tentativa assalto e é morto na Grande BH: \n\n    Vítima foi ... http://t.co/NeajWe0TQy',611860955597680640,2,1),(89,2358639270,'2015-06-19 08:39:53','Cliente de bar reage a tentativa assalto e é morto na Grande BH: \n\n    Vítima foi ... http://t.co/lTvjt0fZlt',611860953768943616,2,1),(90,1382950771,'2015-06-19 08:39:53','Cliente de bar reage a tentativa assalto e é morto na Grande BH: \n\n    Vítima foi ... http://t.co/wHaZEtwiPe',611860952774868992,2,1),(91,1660719116,'2015-06-19 08:39:53','Cliente de bar reage a tentativa assalto e é morto na Grande BH: \n\n    Vítima foi ... http://t.co/uayRzsUNY0',611860951306866688,2,1),(92,365195589,'2015-06-19 08:39:47','Cliente de bar reage a tentativa assalto e é morto na Grande BH: \n\n    Vítima foi ... http://t.co/FXxDY01njs',611860926950604800,2,1),(93,268440938,'2015-06-19 20:02:56','Jovem preso por roubo de colar é reconhecido por assaltos a ônibus: Mulheres foram prestar queixa na delegacia... http://t.co/fgzeuQwcSX',612032846497091584,12,1),(94,268439532,'2015-06-19 20:02:39','Jovem preso por roubo de colar é reconhecido por assaltos a ônibus: Mulheres foram prestar queixa na delegacia... http://t.co/R5TINFwwsV',612032778138292224,12,1),(95,268437439,'2015-06-19 20:02:10','Jovem preso por roubo de colar é reconhecido por assaltos a ônibus: Mulheres foram prestar queixa na delegacia... http://t.co/oOXLjikR66',612032652820873217,12,1),(96,142152321,'2015-06-18 11:57:21','roubo a vista http://t.co/qwRtUE4Cbz',611548258368942080,12,1),(97,1624543064,'2015-06-16 23:29:28','@dorkable_appeal problema que parece que bh tá chegando no nível são paulo de perigo qnt a roubo',610997657985748992,12,1),(98,178845286,'2015-06-16 21:58:12','Belo Horizonte tem um roubo a cada 15 minutos - Gerais - Estado de Minas http://t.co/8qay5Rhglz',610974693496090624,12,1),(99,2298453786,'2015-06-16 13:07:55','@TV_verdade ai eu t pergunto por q o roubo cresceu tanto em Bh? A situação criminosa só aumentou devido à política brasileira.',610841239538241540,12,1),(100,2256955818,'2015-06-16 03:46:17','Belo Horizonte tem um roubo a cada 15 minutos - Gerais - Estado de Minas http://t.co/SNcn52tLtd',610699903875043328,12,1),(101,268439532,'2015-06-15 22:09:26','Mulher presta queixa após o filho ser acusado de roubo por segurança: Caso ocorreu em um supermercado do Chame... http://t.co/dc8loMBwrK',610615131207155712,12,1),(102,268437439,'2015-06-15 22:09:06','Mulher presta queixa após o filho ser acusado de roubo por segurança: Caso ocorreu em um supermercado do Chame... http://t.co/uOaUMzTAwV',610615047727910912,12,1),(103,142152321,'2015-06-15 21:57:17','Belo Horizonte tem um roubo a cada 15 minutos http://t.co/8AWmE8R0QH',610612074352283648,12,1),(104,28093642,'2015-06-15 19:12:52','Belo Horizonte tem um roubo a cada 15 minutos http://t.co/urK76IXDFk',610570696171896832,12,1),(105,377548852,'2015-06-15 16:54:40','A região central de BH é apontada como o principal local de roubo de celulares. O que você faz para evitar a ação de criminosos?',610535918341091328,12,1),(106,377548852,'2015-06-15 15:32:24','#Enquete A região central de BH é apontada como o principal local de roubo de celulares. O que você faz para evitar a ação de bandidos?',610515213524275201,12,1),(107,173255590,'2015-06-15 13:22:00','\"Não há lugar melhor que BH\"\n\nE tem gente que acredita nesta frase. http://t.co/7Cm9cxzIIB',610482399701561344,12,1),(108,34220115,'2015-06-15 11:58:06','Foi só o PT assumir que a bandidagem se sentiu livre e segura para \"trabalhar\"!\n#13confirma #Perigo #Vergonha http://t.co/q7Ru8m0CvP',610461283503075328,12,1),(109,52077432,'2015-06-15 10:52:40','Belo Horizonte tem um roubo a cada 15 minutos - Gerais - Estado de Minas http://t.co/GK3G3N1x0a',610444816170774528,12,1),(110,286775469,'2015-06-15 10:34:46','Belo Horizonte tem um roubo a cada 15 minutos http://t.co/OqqQbzeafG',610440310313910272,12,1),(111,83080998,'2015-06-15 10:19:46','Belo Horizonte tem um roubo a cada 15 minutos - Gerais - Estado de Minas http://t.co/RUEEL16Qi6',610436538011414529,12,1),(112,2829077509,'2015-06-15 10:13:10','Belo Horizonte tem um roubo a cada 15 minutos -  http://t.co/Hp1ftr7tlm',610434874344873984,12,1),(113,108066216,'2015-06-15 09:32:35','Belo Horizonte tem um roubo a cada 15 minutos - Gerais - Estado de Minas http://t.co/NKDUOdcYf3',610424664901459968,12,1),(114,135605819,'2015-06-15 08:45:49','Belo Horizonte tem um roubo a cada 15 minutos http://t.co/QedbhO96hH',610412892152725504,12,1),(115,45729117,'2015-06-15 08:22:00','Belo Horizonte tem um roubo a cada 15 minutos - Gerais - Estado de Minas http://t.co/PZvtclIFes',610406900019163136,12,1),(116,225498006,'2015-06-15 08:01:38','Belo Horizonte tem um roubo a cada 15 minutos http://t.co/SJRR1uaPyH http://t.co/6vEK262kbQ #MG',610401776722935808,12,1),(117,35873782,'2015-06-15 07:39:17','Número de assaltos dispara em BH: um roubo a cada 15 minutos http://t.co/iPaeGYdErb http://t.co/BhuJ7NcwOR',610396149426458625,12,1),(118,183398510,'2015-06-15 07:35:19','Belo Horizonte tem um roubo a cada 15 minutos http://t.co/7qzPQ2is8q http://t.co/3GGppFIv8k',610395152071442432,12,1),(119,387881031,'2015-06-14 11:36:19','Gente se souberem de algum roubo ou sequestro prfv me avisem,ja tem mais de 36 hrs que ele ta desaparecido,provavelmente foi em bh',610093415301283840,12,1),(120,387881031,'2015-06-13 23:19:11','Gente se souberem de algum roubo ou sequesto em Belo Horizonte ontem,me avisem por favor',609907906599849984,12,1),(121,268440938,'2015-06-13 16:34:01','Rapazes suspeitos de roubo em Ariquemes, RO, são detidos pelo GOE: Dupla foi abordada por agentes em frente de... http://t.co/NZ9QnSFXE1',609805944042618880,12,1),(122,268439532,'2015-06-13 16:33:48','Rapazes suspeitos de roubo em Ariquemes, RO, são detidos pelo GOE: Dupla foi abordada por agentes em frente de... http://t.co/1zVSTYozOh',609805892133883904,12,1),(123,268437439,'2015-06-13 16:33:19','Rapazes suspeitos de roubo em Ariquemes, RO, são detidos pelo GOE: Dupla foi abordada por agentes em frente de... http://t.co/5s0UscYp5O',609805767542112257,12,1),(124,268440938,'2015-06-12 21:42:40','Suspeito de roubo é preso após bater em carros e dirigir na contramão: Homem foi detido por populares em Ribei... http://t.co/iN8VYHrNnW',609521230513770496,12,1),(125,268439532,'2015-06-12 21:42:27','Suspeito de roubo é preso após bater em carros e dirigir na contramão: Homem foi detido por populares em Ribei... http://t.co/5nIVqgcoMt',609521175081824256,12,1),(126,268437439,'2015-06-12 21:42:01','Suspeito de roubo é preso após bater em carros e dirigir na contramão: Homem foi detido por populares em Ribei... http://t.co/X4hZk7VZ70',609521066814222338,12,1),(127,268439532,'2015-06-12 17:03:13','Em Vigia, três são presos por roubo, e corrupção de menores: Suspeitos também vão responder por furto qualific... http://t.co/aofz1TA4TX',609450906501844992,12,1),(128,2414980302,'2015-06-15 14:32:34','Chegava à aula de Inglês e procedia-se à contagem do roubo\nUma vez, foram 32 chiclas, 1 croissant, gomas e meio guardanapo',610500155503157248,12,2),(129,235519679,'2015-06-20 14:42:22','O move de belo horizonte está completando 1 ano e olha que já matou muita gente!',612314562239533057,13,1),(130,93677586,'2015-06-20 07:47:39','@alvriotw Dialogo?Tà de sacanagem!Kd diálogo c/Professor n PR e SP?É o CARONE em BH?Pq não dialogam c/USRAEL q matou 2 mil crianças em 2014?',612210193741533184,13,1),(131,724240759,'2015-06-15 20:09:31','@marcelocl QUE ISSO PERALTA! Esse Nickelback ai me matou aqui! Manda um abraço ai pra todos os contrabaixista de BH 98FM na veia!',610584951302565888,13,1),(132,2660927858,'2015-06-14 11:52:36','Homem é assassinado ao sair de festa na região Noroeste de BH: Suspeito seria o mesmo que matou o irmão da vít... http://t.co/aCVkH8qu4J',610097510439194624,13,1),(133,2594745991,'2015-06-14 11:52:35','Homem é assassinado ao sair de festa na região Noroeste de BH: Suspeito seria o mesmo que matou o irmão da vít... http://t.co/khwbfadT5T',610097505414463488,13,1),(134,2991653343,'2015-06-14 11:26:05','Homem é assassinado ao sair de festa na região Noroeste de BH: Suspeito seria o mesmo que matou o irmão da vít... http://t.co/GEGDHTQZI5',610090838861836288,13,1),(135,2996606758,'2015-06-14 11:26:05','Homem é assassinado ao sair de festa na região Noroeste de BH: Suspeito seria o mesmo que matou o irmão da vít... http://t.co/uY6KrEOfF9',610090836538191872,13,1),(136,2984255265,'2015-06-14 11:26:04','Homem é assassinado ao sair de festa na região Noroeste de BH: Suspeito seria o mesmo que matou o irmão da vít... http://t.co/As3j1Xl7SE',610090835061780481,13,1),(137,2987687151,'2015-06-14 11:26:04','Homem é assassinado ao sair de festa na região Noroeste de BH: Suspeito seria o mesmo que matou o irmão da vít... http://t.co/sf4PViRfh0',610090832318717952,13,1),(138,2991528427,'2015-06-14 11:26:03','Homem é assassinado ao sair de festa na região Noroeste de BH: Suspeito seria o mesmo que matou o irmão da vít... http://t.co/RZtgSBRvB7',610090830469033984,13,1),(139,2987611695,'2015-06-14 11:26:03','Homem é assassinado ao sair de festa na região Noroeste de BH: Suspeito seria o mesmo que matou o irmão da vít... http://t.co/R5Bij7KCoT',610090828170563588,13,1),(140,2987599798,'2015-06-14 11:26:02','Homem é assassinado ao sair de festa na região Noroeste de BH: Suspeito seria o mesmo que matou o irmão da vít... http://t.co/deFUZgrI6n',610090826681593858,13,1),(141,2987524265,'2015-06-14 11:26:02','Homem é assassinado ao sair de festa na região Noroeste de BH: Suspeito seria o mesmo que matou o irmão da vít... http://t.co/jRP4H3OfWD',610090824626405376,13,1),(142,2984367945,'2015-06-14 11:26:01','Homem é assassinado ao sair de festa na região Noroeste de BH: Suspeito seria o mesmo que matou o irmão da vít... http://t.co/1qNMU6m9dp',610090822621532160,13,1),(143,2983273889,'2015-06-14 11:26:01','Homem é assassinado ao sair de festa na região Noroeste de BH: Suspeito seria o mesmo que matou o irmão da vít... http://t.co/cdDfczMJ2h',610090820314640384,13,1),(144,2983290647,'2015-06-14 11:26:00','Homem é assassinado ao sair de festa na região Noroeste de BH: Suspeito seria o mesmo que matou o irmão da vít... http://t.co/xOVFuOS0qW',610090818666233856,13,1),(145,2983269669,'2015-06-14 11:26:00','Homem é assassinado ao sair de festa na região Noroeste de BH: Suspeito seria o mesmo que matou o irmão da vít... http://t.co/shz0rArX74',610090816778842112,13,1),(146,2983317479,'2015-06-14 11:25:59','Homem é assassinado ao sair de festa na região Noroeste de BH: Suspeito seria o mesmo que matou o irmão da vít... http://t.co/XfP4tA9hNE',610090814769762304,13,1),(147,2983330457,'2015-06-14 11:25:59','Homem é assassinado ao sair de festa na região Noroeste de BH: Suspeito seria o mesmo que matou o irmão da vít... http://t.co/BKRKqBjfJq',610090812756496385,13,1),(148,2983867018,'2015-06-14 11:25:59','Homem é assassinado ao sair de festa na região Noroeste de BH: Suspeito seria o mesmo que matou o irmão da vít... http://t.co/L1MD6IVW6W',610090812748107776,13,1),(149,2983838745,'2015-06-14 11:25:57','Homem é assassinado ao sair de festa na região Noroeste de BH: Suspeito seria o mesmo que matou o irmão da vít... http://t.co/8shjcuFlck',610090806360170496,13,1),(150,2983957451,'2015-06-14 11:25:57','Homem é assassinado ao sair de festa na região Noroeste de BH: Suspeito seria o mesmo que matou o irmão da vít... http://t.co/4PYHKgGrNo',610090803843633152,13,1),(151,2983986605,'2015-06-14 11:25:56','Homem é assassinado ao sair de festa na região Noroeste de BH: Suspeito seria o mesmo que matou o irmão da vít... http://t.co/i23XkQWYJQ',610090802195202049,13,1),(152,2941884623,'2015-06-14 11:25:56','Homem é assassinado ao sair de festa na região Noroeste de BH: Suspeito seria o mesmo que matou o irmão da vít... http://t.co/ZtJS0CCkFZ',610090799536058369,13,1),(153,2995883470,'2015-06-14 11:25:55','Homem é assassinado ao sair de festa na região Noroeste de BH: Suspeito seria o mesmo que matou o irmão da vít... http://t.co/XvGmbuVmso',610090797359239168,13,1),(154,2888090254,'2015-06-14 11:25:55','Homem é assassinado ao sair de festa na região Noroeste de BH: Suspeito seria o mesmo que matou o irmão da vít... http://t.co/DrqTjMBJjy',610090795278794752,13,1),(155,2888950084,'2015-06-14 11:25:54','Homem é assassinado ao sair de festa na região Noroeste de BH: Suspeito seria o mesmo que matou o irmão da vít... http://t.co/Ll3gTZWrk7',610090791336177664,13,1),(156,2888938491,'2015-06-14 11:25:53','Homem é assassinado ao sair de festa na região Noroeste de BH: Suspeito seria o mesmo que matou o irmão da vít... http://t.co/ewanMh5cpB',610090789268393984,13,1),(157,2888173029,'2015-06-14 11:25:53','Homem é assassinado ao sair de festa na região Noroeste de BH: Suspeito seria o mesmo que matou o irmão da vít... http://t.co/h49AiStVfW',610090787661938691,13,1),(158,2909215654,'2015-06-14 11:25:52','Homem é assassinado ao sair de festa na região Noroeste de BH: Suspeito seria o mesmo que matou o irmão da vít... http://t.co/ARQ3O13NPD',610090785644507136,13,1),(159,2983817595,'2015-06-14 11:25:52','Homem é assassinado ao sair de festa na região Noroeste de BH: Suspeito seria o mesmo que matou o irmão da vít... http://t.co/w6XtK7MLXw',610090783585103872,13,1),(160,2889478607,'2015-06-14 11:25:51','Homem é assassinado ao sair de festa na região Noroeste de BH: Suspeito seria o mesmo que matou o irmão da vít... http://t.co/GVt32RVdFO',610090781542494209,13,1),(161,3004140478,'2015-06-14 11:25:51','Homem é assassinado ao sair de festa na região Noroeste de BH: Suspeito seria o mesmo que matou o irmão da vít... http://t.co/TcPdSUlY8T',610090777872478208,13,1),(162,3001347118,'2015-06-14 11:25:50','Homem é assassinado ao sair de festa na região Noroeste de BH: Suspeito seria o mesmo que matou o irmão da vít... http://t.co/j0e2WN2bwo',610090776022810624,13,1),(163,3001130195,'2015-06-14 11:25:50','Homem é assassinado ao sair de festa na região Noroeste de BH: Suspeito seria o mesmo que matou o irmão da vít... http://t.co/1aGDeCTkT4',610090774839955457,13,1),(164,3001055121,'2015-06-14 11:25:49','Homem é assassinado ao sair de festa na região Noroeste de BH: Suspeito seria o mesmo que matou o irmão da vít... http://t.co/r6rfJiwcED',610090771845255169,13,1),(165,2994335147,'2015-06-14 11:25:48','Homem é assassinado ao sair de festa na região Noroeste de BH: Suspeito seria o mesmo que matou o irmão da vít... http://t.co/WtrvxD4kot',610090768988946432,13,1),(166,2999480631,'2015-06-14 11:25:48','Homem é assassinado ao sair de festa na região Noroeste de BH: Suspeito seria o mesmo que matou o irmão da vít... http://t.co/pW5by58whk',610090766841483264,13,1),(167,2992877183,'2015-06-14 11:25:48','Homem é assassinado ao sair de festa na região Noroeste de BH: Suspeito seria o mesmo que matou o irmão da vít... http://t.co/ob4xhQpSX6',610090765910282240,13,1),(168,2992884023,'2015-06-14 11:25:47','Homem é assassinado ao sair de festa na região Noroeste de BH: Suspeito seria o mesmo que matou o irmão da vít... http://t.co/Nynag1Pato',610090763439869952,13,1),(169,2993966296,'2015-06-14 11:25:47','Homem é assassinado ao sair de festa na região Noroeste de BH: Suspeito seria o mesmo que matou o irmão da vít... http://t.co/P1QdOlaIuH',610090761493676033,13,1),(170,2997435243,'2015-06-14 11:25:46','Homem é assassinado ao sair de festa na região Noroeste de BH: Suspeito seria o mesmo que matou o irmão da vít... http://t.co/JhmcdHyDqn',610090759774048256,13,1),(171,2994324455,'2015-06-14 11:25:46','Homem é assassinado ao sair de festa na região Noroeste de BH: Suspeito seria o mesmo que matou o irmão da vít... http://t.co/6sXJIRNdzr',610090757983080448,13,1),(172,2989737346,'2015-06-14 11:25:45','Homem é assassinado ao sair de festa na região Noroeste de BH: Suspeito seria o mesmo que matou o irmão da vít... http://t.co/SbzSivQYy8',610090755948818433,13,1),(173,2989699444,'2015-06-14 11:25:45','Homem é assassinado ao sair de festa na região Noroeste de BH: Suspeito seria o mesmo que matou o irmão da vít... http://t.co/brFKY1PqYS',610090754073976832,13,1),(174,2989528547,'2015-06-14 11:25:44','Homem é assassinado ao sair de festa na região Noroeste de BH: Suspeito seria o mesmo que matou o irmão da vít... http://t.co/kg6FwmyZqr',610090751968448512,13,1),(175,2984444536,'2015-06-14 11:25:44','Homem é assassinado ao sair de festa na região Noroeste de BH: Suspeito seria o mesmo que matou o irmão da vít... http://t.co/DeWyh70XPW',610090750378774528,13,1),(176,2983972816,'2015-06-14 11:25:41','Homem é assassinado ao sair de festa na região Noroeste de BH: Suspeito seria o mesmo que matou o irmão da vít... http://t.co/zUT0YqsURK',610090739456806912,13,1),(177,2989586031,'2015-06-14 11:25:41','Homem é assassinado ao sair de festa na região Noroeste de BH: Suspeito seria o mesmo que matou o irmão da vít... http://t.co/ldjwt3S0Y6',610090737347092480,13,1),(178,2989493044,'2015-06-14 11:25:40','Homem é assassinado ao sair de festa na região Noroeste de BH: Suspeito seria o mesmo que matou o irmão da vít... http://t.co/16wdmnZMuw',610090735417688064,13,1),(179,2906217741,'2015-06-14 11:25:40','Homem é assassinado ao sair de festa na região Noroeste de BH: Suspeito seria o mesmo que matou o irmão da vít... http://t.co/CIqKAmFxj7',610090733328928768,13,1),(180,2984343359,'2015-06-14 11:25:39','Homem é assassinado ao sair de festa na região Noroeste de BH: Suspeito seria o mesmo que matou o irmão da vít... http://t.co/glQUIFAT4e',610090731563151360,13,1),(181,2984312177,'2015-06-14 11:25:39','Homem é assassinado ao sair de festa na região Noroeste de BH: Suspeito seria o mesmo que matou o irmão da vít... http://t.co/3olBhwZlkF',610090729541517312,13,1),(182,2984040335,'2015-06-14 11:25:39','Homem é assassinado ao sair de festa na região Noroeste de BH: Suspeito seria o mesmo que matou o irmão da vít... http://t.co/bhxLOcNKfO',610090727465287680,13,1),(183,2997541911,'2015-06-14 11:25:38','Homem é assassinado ao sair de festa na região Noroeste de BH: Suspeito seria o mesmo que matou o irmão da vít... http://t.co/VTMsESsXji',610090725288443905,13,1),(184,2834365090,'2015-06-14 11:25:37','Homem é assassinado ao sair de festa na região Noroeste de BH: Suspeito seria o mesmo que matou o irmão da vít... http://t.co/shy8n4qx8T',610090722797056000,13,1),(185,2799701560,'2015-06-14 11:25:37','Homem é assassinado ao sair de festa na região Noroeste de BH: Suspeito seria o mesmo que matou o irmão da vít... http://t.co/dscUMylDj8',610090720750276609,13,1),(186,2791317093,'2015-06-14 11:25:37','Homem é assassinado ao sair de festa na região Noroeste de BH: Suspeito seria o mesmo que matou o irmão da vít... http://t.co/3sxH2pKw4L',610090719097675776,13,1),(187,2997519749,'2015-06-14 11:25:36','Homem é assassinado ao sair de festa na região Noroeste de BH: Suspeito seria o mesmo que matou o irmão da vít... http://t.co/hVhUGNHPJp',610090715524153344,13,1),(188,2840148994,'2015-06-14 11:25:35','Homem é assassinado ao sair de festa na região Noroeste de BH: Suspeito seria o mesmo que matou o irmão da vít... http://t.co/X3rFtbDGf1',610090713510907905,13,1),(189,2999451964,'2015-06-14 11:25:35','Homem é assassinado ao sair de festa na região Noroeste de BH: Suspeito seria o mesmo que matou o irmão da vít... http://t.co/kJEKlAplVw',610090711120084993,13,1),(190,2999396146,'2015-06-14 11:25:34','Homem é assassinado ao sair de festa na região Noroeste de BH: Suspeito seria o mesmo que matou o irmão da vít... http://t.co/CEn9G2Gj2X',610090709433978881,13,1),(191,2999358286,'2015-06-14 11:25:33','Homem é assassinado ao sair de festa na região Noroeste de BH: Suspeito seria o mesmo que matou o irmão da vít... http://t.co/jxb5wDfVrf',610090705340358659,13,1),(192,2999309445,'2015-06-14 11:25:33','Homem é assassinado ao sair de festa na região Noroeste de BH: Suspeito seria o mesmo que matou o irmão da vít... http://t.co/T2zOn3E42E',610090703515848706,13,1),(193,2999440601,'2015-06-14 11:25:32','Homem é assassinado ao sair de festa na região Noroeste de BH: Suspeito seria o mesmo que matou o irmão da vít... http://t.co/y0TitdWdUL',610090701607432193,13,1),(194,2791397703,'2015-06-14 11:25:32','Homem é assassinado ao sair de festa na região Noroeste de BH: Suspeito seria o mesmo que matou o irmão da vít... http://t.co/h2UY6BN3kQ',610090699338289152,13,1),(195,2660927858,'2015-06-14 11:25:31','Homem é assassinado ao sair de festa na região Noroeste de BH: Suspeito seria o mesmo que matou o irmão da vít... http://t.co/aCVkH8qu4J',610090695563448320,13,1),(196,731278008,'2015-06-14 11:23:47','Homem é assassinado ao sair de festa na região Noroeste de BH: Suspeito seria o mesmo que matou o irmão da vít... http://t.co/p4B9DED0H5',610090259322265601,13,1),(197,731278008,'2015-06-14 11:23:47','Homem é assassinado ao sair de festa na região Noroeste de BH: Suspeito seria o mesmo que matou o irmão da vít... http://t.co/7KsmIdlp1s',610090257770385410,13,1),(198,2627293347,'2015-06-14 11:23:46','Homem é assassinado ao sair de festa na região Noroeste de BH: Suspeito seria o mesmo que matou o irmão da vít... http://t.co/pj3mVQzPny',610090256314937345,13,1),(199,3004140478,'2015-06-14 11:23:46','Homem é assassinado ao sair de festa na região Noroeste de BH: Suspeito seria o mesmo que matou o irmão da vít... http://t.co/BZqIEoKwkA',610090254444335104,13,1),(200,2834365090,'2015-06-14 11:23:45','Homem é assassinado ao sair de festa na região Noroeste de BH: Suspeito seria o mesmo que matou o irmão da vít... http://t.co/Zu600YYjtz',610090252405882880,13,1),(201,2799701560,'2015-06-14 11:23:45','Homem é assassinado ao sair de festa na região Noroeste de BH: Suspeito seria o mesmo que matou o irmão da vít... http://t.co/MXlJASDERp',610090250363277312,13,1),(202,2791317093,'2015-06-14 11:23:44','Homem é assassinado ao sair de festa na região Noroeste de BH: Suspeito seria o mesmo que matou o irmão da vít... http://t.co/plfvOgz88a',610090248505143297,13,1),(203,2840148994,'2015-06-14 11:23:44','Homem é assassinado ao sair de festa na região Noroeste de BH: Suspeito seria o mesmo que matou o irmão da vít... http://t.co/6ACdbX1rCa',610090246345068545,13,1),(204,2791397703,'2015-06-14 11:23:43','Homem é assassinado ao sair de festa na região Noroeste de BH: Suspeito seria o mesmo que matou o irmão da vít... http://t.co/qxIGAjmSzP',610090242230517760,13,1),(205,3004199938,'2015-06-14 11:23:42','Homem é assassinado ao sair de festa na região Noroeste de BH: Suspeito seria o mesmo que matou o irmão da vít... http://t.co/n0MRxIlaTH',610090239789404160,13,1),(206,2666839226,'2015-06-14 11:23:41','Homem é assassinado ao sair de festa na região Noroeste de BH: Suspeito seria o mesmo que matou o irmão da vít... http://t.co/Tnm0OnmGv8',610090236056473600,13,1),(207,2660927858,'2015-06-14 11:23:41','Homem é assassinado ao sair de festa na região Noroeste de BH: Suspeito seria o mesmo que matou o irmão da vít... http://t.co/Od7NROKHxn',610090233393053696,13,1),(208,268859460,'2015-06-13 22:59:01','Vídeo: Gilberto Carvalho é alvo de panelaço e apitaço em faculdade de BH. “Quem matou Celso Daniel?” http://t.co/28izOaWFVD',609902831135555584,13,1),(209,600508346,'2015-06-14 22:26:36','Se eu virar pai com 15 o filho vai ser órfão porque o avô matou o pai',610257061356666880,13,4),(210,15355832,'2015-06-21 13:33:03','@miguelmartello @UaiNick o de BH, por ser ainda pequeno, tem poucos casos de confusão. Pelo menos o do ano passado teve só 2 casos de furto',612659505285996544,14,1),(211,95442063,'2015-06-12 19:21:20','ROUBADA - Sundown MaxHill, cinza, 18 marchas, com adesi...: FURTO - Belo Horizonte (MG): Elaine (como eu chamo... http://t.co/dNX2fBVRkS',609485665072316416,14,1);
/*!40000 ALTER TABLE `tweet` ENABLE KEYS */;
UNLOCK TABLES;
/*!40103 SET TIME_ZONE=@OLD_TIME_ZONE */;

/*!40101 SET SQL_MODE=@OLD_SQL_MODE */;
/*!40014 SET FOREIGN_KEY_CHECKS=@OLD_FOREIGN_KEY_CHECKS */;
/*!40014 SET UNIQUE_CHECKS=@OLD_UNIQUE_CHECKS */;
/*!40101 SET CHARACTER_SET_CLIENT=@OLD_CHARACTER_SET_CLIENT */;
/*!40101 SET CHARACTER_SET_RESULTS=@OLD_CHARACTER_SET_RESULTS */;
/*!40101 SET COLLATION_CONNECTION=@OLD_COLLATION_CONNECTION */;
/*!40111 SET SQL_NOTES=@OLD_SQL_NOTES */;

-- Dump completed on 2015-06-21 14:35:41
